T,tau_int_mag,tau_int_ene,n_term_sugerido_mcs
1.75,3.256485334870028,2.249215693830772,32.564853348700275
1.7605263157894737,3.4679731168482433,2.310592406800086,34.679731168482434
1.7710526315789474,3.5503990067365896,2.34607659197872,35.5039900673659
1.7815789473684212,3.7185578722328674,2.3992820851623686,37.18557872232867
1.7921052631578946,3.779392840640381,2.463859176858257,37.79392840640381
1.8026315789473684,4.055233987218389,2.523022961416997,40.55233987218389
1.813157894736842,4.116378920966416,2.578837698437892,41.16378920966416
1.8236842105263158,4.321523523871497,2.664811338797018,43.215235238714975
1.8342105263157895,4.668161134504387,2.7317876758931385,46.68161134504387
1.8447368421052632,4.849759253187253,2.8321589985093323,48.49759253187253
1.855263157894737,4.981731885546395,2.898443844492666,49.81731885546395
1.8657894736842104,5.172437647102786,2.942030038743357,51.72437647102786
1.8763157894736842,5.639314171860369,3.0780487658994558,56.393141718603694
1.8868421052631579,5.964872279075399,3.156105221877779,59.64872279075399
1.8973684210526316,5.955472249834496,3.2293121016649047,59.55472249834496
1.9078947368421053,6.282230048526851,3.335462029844079,62.822300485268514
1.918421052631579,6.9200450458797516,3.4848496018410087,69.20045045879752
1.9289473684210525,7.173098096298181,3.5852336522907438,71.73098096298182
1.9394736842105262,8.324032722386644,3.785900645928897,83.24032722386644
1.95,8.503467856805957,3.931969145121632,85.03467856805956
1.9605263157894737,9.462800374163464,4.088803543398355,94.62800374163464
1.9710526315789474,10.07787755824815,4.27555321231205,100.7787755824815
1.981578947368421,10.899916976767155,4.4706225860756685,108.99916976767156
1.9921052631578948,11.30368149879515,4.693426623050241,113.0368149879515
2.0026315789473683,13.286640589859545,4.9629448813334465,132.86640589859545
2.013157894736842,13.869395655697563,5.184123424808111,138.69395655697562
2.0236842105263158,14.372106946089728,5.469699412884685,143.72106946089727
2.0342105263157895,16.95101130884901,5.799456606503628,169.51011308849013
2.044736842105263,20.26694003335791,6.1973283850517555,202.6694003335791
2.055263157894737,21.58669358880037,6.59615975753731,215.8669358880037
2.0657894736842106,22.560847000836258,7.087701276413006,225.6084700083626
2.0763157894736843,26.948233582482704,7.572006882402322,269.48233582482703
2.086842105263158,26.463583489229663,8.058765960066065,264.63583489229666
2.0973684210526318,36.09466370019799,8.753396318632106,360.9466370019799
2.107894736842105,37.67805778651407,9.348620222246407,376.7805778651407
2.1184210526315788,39.07646697586988,10.312738300287583,390.7646697586988
2.1289473684210525,56.77818723124727,12.09406531865846,567.7818723124727
2.139473684210526,66.32020851157951,12.967217098424474,663.2020851157951
2.15,104.3440670365352,15.396911469062774,1043.440670365352
2.1605263157894736,110.57058324733173,17.694148813157053,1105.7058324733173
2.1710526315789473,98.85018082985037,20.125341206868097,988.5018082985038
2.181578947368421,137.5212053346151,23.086421036492915,1375.2120533461512
2.192105263157895,162.28561376970302,27.76094324459149,1622.8561376970301
2.2026315789473685,197.15938509690685,33.744550782495395,1971.5938509690684
2.213157894736842,174.37015036583858,38.73171354076999,1743.7015036583857
2.223684210526316,222.9299839990914,50.35646977563412,2229.299839990914
2.2342105263157896,225.5937995531268,52.16151256697807,2255.937995531268
2.2447368421052634,252.57068022325043,69.52929388574688,2525.7068022325043
2.2552631578947366,256.8282573490801,81.39773609128173,2568.282573490801
2.2657894736842104,259.0773400301859,90.90013790107308,2590.773400301859
2.276315789473684,257.8783753992797,95.69528163674194,2578.7837539927973
2.286842105263158,271.55006159939455,96.51884757331484,2715.5006159939458
2.2973684210526315,283.52701687620777,104.78782911513666,2835.2701687620774
2.307894736842105,254.99605279592635,101.66384194934334,2549.9605279592633
2.318421052631579,243.93220484555118,97.31245867852815,2439.322048455512
2.3289473684210527,239.63266281626974,92.26394169169,2396.3266281626975
2.3394736842105264,221.80611694282385,85.15950502522715,2218.0611694282384
2.35,213.16825681436427,77.18269173734764,2131.6825681436426
2.360526315789474,191.67737543261373,68.19258904195551,1916.7737543261374
2.3710526315789475,178.6894648450976,62.35402450531215,1786.894648450976
2.3815789473684212,156.7916064834479,51.32287628769356,1567.9160648344791
2.392105263157895,145.1740323386592,45.33539155195249,1451.740323386592
2.4026315789473682,138.93010499451918,39.538256928974754,1389.3010499451918
2.413157894736842,126.59364222080924,33.31933851305632,1265.9364222080924
2.4236842105263157,115.19368963198853,27.977878402628214,1151.9368963198854
2.4342105263157894,102.53077904231263,24.126783098839052,1025.3077904231263
2.444736842105263,95.93752455652127,20.939516777639497,959.3752455652127
2.455263157894737,90.22030166826558,18.746441991513677,902.2030166826557
2.4657894736842105,82.1243728306508,16.797496063427477,821.243728306508
2.4763157894736842,75.47066949838697,15.354061854253057,754.7066949838697
2.486842105263158,71.62474985853459,13.569369585322606,716.2474985853459
2.4973684210526317,65.28033791163277,12.314876863002254,652.8033791163277
2.5078947368421054,61.51185462387109,11.37985012434102,615.1185462387109
2.518421052631579,55.08512019358444,10.580901608105988,550.8512019358444
2.528947368421053,51.30832097116155,9.872213252742087,513.0832097116155
2.539473684210526,48.786991157193725,9.304499017142147,487.8699115719372
2.55,44.74184367792261,8.667840218523429,447.4184367792261
2.5605263157894735,42.809484778373886,8.320270705448332,428.0948477837388
2.5710526315789473,40.693477944657616,7.876509715814162,406.93477944657616
2.581578947368421,37.70539847565834,7.452884399989724,377.0539847565834
2.5921052631578947,36.41045219110904,7.142779813416715,364.1045219110904
2.6026315789473684,33.90749005424024,6.858273567429234,339.0749005424024
2.613157894736842,32.502746885812385,6.592074543756784,325.0274688581238
2.623684210526316,30.67228222236707,6.364974391686891,306.7228222236707
2.6342105263157896,29.155503988697927,5.964745345947208,291.5550398869793
2.6447368421052633,27.52130928683924,5.785764891212072,275.21309286839244
2.655263157894737,26.11158768472034,5.688626174678046,261.1158768472034
2.6657894736842107,24.991515139374933,5.486919576494264,249.91515139374934
2.6763157894736844,23.615654616077425,5.3205970705734025,236.15654616077424
2.6868421052631577,22.813663542297107,5.1485731407052375,228.13663542297107
2.6973684210526314,21.943539073183015,4.994515501009203,219.43539073183015
2.707894736842105,20.896758873716752,4.864542931055266,208.96758873716752
2.718421052631579,20.176375428967948,4.704857416635156,201.76375428967947
2.7289473684210526,19.45884624967661,4.585765102262512,194.5884624967661
2.7394736842105263,18.500176354033727,4.504916968678544,185.00176354033727
2.75,17.709534220757142,4.373949199954254,177.09534220757143
