T,mag_abs,mag_err,ene_per_spin,ene_err,susceptibilidad,calor_especifico,binder_cumulant,sample_interval,n_therm
1.75,0.96403125,0.00017612699481855986,-1.88033046875,0.0004836757758070873,0.09073960714288529,0.3910350348979795,0.66644641219312,8,500
1.763157894736842,0.96197890625,0.00018312125106498224,-1.8741984375,0.0004957645332337229,0.09735749270519713,0.4047171329716061,0.6664279490178366,8,500
1.7763157894736843,0.96051484375,0.00018795118129505994,-1.869746875,0.0005043965225102014,0.10180123261116696,0.4127498350969142,0.666414419990677,8,500
1.7894736842105263,0.958586328125,0.0001955246646424317,-1.86402265625,0.0005229991806939386,0.10936059807447825,0.43725469184642585,0.6663921996899602,8,500
1.8026315789473684,0.95638984375,0.0002039059745615846,-1.85792578125,0.0005393353653953543,0.11806903687951437,0.4582336112603976,0.6663673224534628,9,500
1.8157894736842106,0.95438125,0.0002073147391190324,-1.85223828125,0.0005347067240711449,0.12116521528994359,0.4438982124422019,0.6663560941334631,10,500
1.8289473684210527,0.95195625,0.00021985801421720588,-1.84617265625,0.0005534019615911189,0.13529024633093903,0.46866450827539907,0.6663160969597783,12,500
1.8421052631578947,0.949653515625,0.00023383953075762408,-1.8395140625,0.0005651721742566856,0.1519513320937936,0.4818543120796691,0.6662697887649749,13,500
1.855263157894737,0.94751328125,0.0002334594903835105,-1.83357890625,0.0005806735504307594,0.150383656187977,0.5014598212760856,0.6662675867358558,14,500
1.868421052631579,0.945017578125,0.0002442056668461573,-1.82658203125,0.0005983131487131355,0.1633878720291205,0.524917054837802,0.666228521765839,16,500
1.881578947368421,0.94216484375,0.00025543866002376506,-1.81921015625,0.0006086324599771378,0.17751452833922834,0.5356096887471659,0.6661858124781865,17,500
1.894736842105263,0.939479296875,0.00026581183466644395,-1.81263671875,0.0006118806447403969,0.19088984248694552,0.5338493583018148,0.6661443078420931,18,500
1.9078947368421053,0.936733984375,0.0002724908889349602,-1.80496796875,0.0006363423502967748,0.19921987112504586,0.5694504347011345,0.666113099325036,19,500
1.9210526315789473,0.933370703125,0.0002943730336181212,-1.79693203125,0.0006545123515813448,0.23090847697338873,0.5942104152895988,0.6660196389990449,20,500
1.9342105263157894,0.9296078125,0.00031294646885995036,-1.788375,0.0006726173982833923,0.2591907282992622,0.6190301502150759,0.6659322567723813,20,500
1.9473684210526316,0.927028515625,0.0003088930047234442,-1.78078203125,0.0006765865151844943,0.25081362022385867,0.6179218078154585,0.6659430783575684,21,500
1.9605263157894737,0.923591796875,0.00033346188637900916,-1.7736328125,0.0007027322336438213,0.2903372924706002,0.6576843239043161,0.6658190392341224,22,500
1.9736842105263157,0.919090234375,0.0003583461801898942,-1.7636484375,0.0007122344132239536,0.33305118675413425,0.6666128289331317,0.6656862588222974,22,500
1.986842105263158,0.915573046875,0.00036522562214189426,-1.7555109375,0.0007312622870096435,0.34367046733860657,0.6934301746958264,0.66563607005238,23,500
2.0,0.91149296875,0.0003706942946333197,-1.74531640625,0.0007355609963864728,0.3517101496875057,0.6924054648437732,0.6655945268543384,24,500
2.013157894736842,0.90674375,0.000408858730385686,-1.7355203125,0.0007634748073073514,0.4250615350327167,0.7362356421393631,0.6653626053461146,37,500
2.026315789473684,0.902509765625,0.00042520672501529793,-1.7258203125,0.0007885778483193912,0.4567475370332881,0.7752789329988459,0.6652503743309452,51,500
2.039473684210526,0.8967734375,0.0004544117523611355,-1.71510390625,0.0008040473275495308,0.518279579032227,0.7956280891034584,0.665031698446235,64,500
2.0526315789473686,0.89185078125,0.00047905715465678273,-1.7048984375,0.00082998359749637,0.5723303131570732,0.8369511312870085,0.6648274864308741,77,500
2.0657894736842106,0.886769921875,0.0005037793899548627,-1.69430078125,0.0008368391272293406,0.6288945419625321,0.8400302563898134,0.664632012117234,91,500
2.0789473684210527,0.878507421875,0.0005814189835059105,-1.67962265625,0.0008821612038639679,0.8323730562540248,0.9217051466395766,0.6640573421117315,104,500
2.0921052631578947,0.8715734375,0.0006181918387645209,-1.66868203125,0.0009061743507192876,0.935074246477938,0.9603721556073913,0.6635971400505047,118,500
2.1052631578947367,0.86470078125,0.0006849243406893464,-1.6560515625,0.0009365582895638659,1.1406749485780665,1.0130711248920685,0.6629287116565307,129,513
2.1184210526315788,0.8574828125,0.000746711945540655,-1.6435015625,0.0009452574109310399,1.3473393929192365,1.019198340432802,0.6625589638021014,136,541
2.1315789473684212,0.84842734375,0.000873014246727317,-1.6306234375,0.0009753822568914356,1.83030865415126,1.0718399768922748,0.6614803820007273,143,569
2.1447368421052633,0.83942109375,0.0008395682459406989,-1.6143828125,0.001016812758301981,1.6823683521626183,1.1505805886184277,0.6609858541643825,150,597
2.1578947368421053,0.82885,0.0009240298724640264,-1.6003765625,0.0010384268739865566,2.025465548841461,1.1854259217118845,0.6597913891380008,157,625
2.1710526315789473,0.8197375,0.0009557826686888686,-1.58524140625,0.001053670233083184,2.153927314787848,1.2057348444294167,0.6590625307306812,164,653
2.1842105263157894,0.803047265625,0.001204719101122574,-1.56700546875,0.0011060646635453692,3.401419444958657,1.3126687228448057,0.65566929311134,171,681
2.1973684210526314,0.787411328125,0.001313393860122769,-1.54934375,0.001159222113151325,4.018557417473781,1.4246580940155456,0.653030812351033,178,709
2.210526315789474,0.771626953125,0.0015194983449566663,-1.533125,0.001192275503581665,5.3467252370721825,1.4891723249716573,0.6492399627693828,213,851
2.223684210526316,0.743553125,0.0018710643212902348,-1.50787578125,0.0012498983368133252,8.059116167514759,1.6172838473718638,0.6408764983655297,256,1022
2.236842105263158,0.732044140625,0.0018580782301661103,-1.49299609375,0.0012636384845370534,7.900885251136049,1.6336466376383818,0.638990769510233,299,1194
2.25,0.698864453125,0.002170666195962176,-1.4667359375,0.0013153878548586766,10.719799468819447,1.7495473970370374,0.6281496915558535,342,1365
2.263157894736842,0.673930859375,0.0023389006930298593,-1.44755,0.0013209186953082779,12.373478382227503,1.7438356743321684,0.6198402054082588,384,1536
2.276315789473684,0.631546875,0.002614720664734329,-1.41902890625,0.0013841916984822077,15.374506378612734,1.8928253873870617,0.6004384714066009,427,1707
2.289473684210526,0.600566796875,0.0027777753566055716,-1.3958109375,0.001390473335520526,17.25208855740302,1.8881526889667823,0.5851338096813286,470,1878
2.3026315789473686,0.5621734375,0.00292678892993119,-1.3718984375,0.0014059347583954389,19.04326646777141,1.9083785061550709,0.563447894832479,498,1991
2.3157894736842106,0.519325,0.0030377152780016845,-1.34600546875,0.0013999586395807375,20.397556687159064,1.8707482707228194,0.5375805399661043,468,1872
2.3289473684210527,0.474830859375,0.0031087637305534798,-1.31923359375,0.0013714482473030783,21.242168632447015,1.7750990551499315,0.5021254138736474,438,1752
2.3421052631578947,0.448092578125,0.003116750174151987,-1.29830078125,0.0013573814900296587,21.23149951864116,1.7193888995628548,0.4800545680400783,408,1632
2.3552631578947367,0.40786484375,0.0030564765785492808,-1.27559765625,0.0013301982349752126,20.30419609230447,1.6328148836725007,0.4404928773716966,378,1512
2.3684210526315788,0.3795796875,0.0029981047975122547,-1.25593125,0.0012859375404470318,19.42753943977779,1.50905482237535,0.4127334601525292,349,1393
2.3815789473684212,0.35090234375,0.00286161162822277,-1.23687890625,0.001251406861652959,17.60108720338397,1.4133515258920173,0.38022983994336246,319,1273
2.3947368421052633,0.325343359375,0.002811350806905995,-1.22101484375,0.0012165206726099263,16.89489045611608,1.3210111666583275,0.3459014881747995,289,1153
2.4078947368421053,0.3067203125,0.002659259802333874,-1.2036703125,0.0011747144616871337,15.033743406065582,1.2183518556410202,0.32705805222782947,264,1054
2.4210526315789473,0.281304296875,0.002567964846264078,-1.18459296875,0.0011503506208267696,13.943025162707196,1.1556733389647127,0.2863524371320335,242,968
2.4342105263157894,0.26390078125,0.0024634585175198876,-1.1724046875,0.001124143052424126,12.76190373471622,1.0917167725569064,0.2651500023201433,221,883
2.4473684210526314,0.247032421875,0.002338042826604366,-1.15744609375,0.001106444567125746,11.433749298484544,1.0462698505836145,0.23852013209649547,200,797
2.460526315789474,0.2349984375,0.002266688492131992,-1.14550703125,0.0011046396638027427,10.689041386684492,1.0317353983925923,0.21021805036857333,178,711
2.473684210526316,0.2176890625,0.0021470596046998225,-1.12942578125,0.0010637921185234118,9.539531328244676,0.9466907117969112,0.18520812278112309,157,625
2.486842105263158,0.21018046875,0.0020891738727036656,-1.1194984375,0.0010597010527934763,8.984296028320108,0.9295085762424999,0.17018989300627307,135,540
2.5,0.19972265625,0.0019846318037863393,-1.1064828125,0.0010338134727985396,8.064974118750001,0.8753615196000465,0.16402138996877413,114,500
2.513157894736842,0.189874609375,0.0019166717408736363,-1.0945890625,0.0010295697278680314,7.4827079987598175,0.8591224596814387,0.14276080241316014,110,500
2.526315789473684,0.1875875,0.0018682264014260183,-1.085859375,0.0010275478000770395,7.072198914895837,0.8468605224609264,0.15768526524310533,106,500
2.539473684210526,0.1762390625,0.0018110553889982817,-1.0744453125,0.0010074829228414654,6.611543238031089,0.8056957018711804,0.10560735171207358,102,500
2.5526315789473686,0.175596484375,0.001751836140967489,-1.0653875,0.001011181072555652,6.154346147387242,0.8032757970623882,0.1363035997341041,98,500
2.5657894736842106,0.160783203125,0.0016798551212286942,-1.0522296875,0.000982609067834333,5.629965450400642,0.7507625322614496,0.07308196583240234,94,500
2.5789473684210527,0.1582296875,0.0016297039911102942,-1.04230703125,0.0009637806932690577,5.271789643316328,0.7149152801829779,0.09451968572697567,90,500
2.5921052631578947,0.153694140625,0.0015878644181278928,-1.0342828125,0.0009796639822550607,4.979173886005712,0.7311931401055998,0.07321754810474801,86,500
2.6052631578947367,0.150773046875,0.0015504989482635627,-1.0247453125,0.0009622212378466846,4.723614503222853,0.6982802745546728,0.08698781411073586,82,500
2.6184210526315788,0.1436671875,0.0014741385173512398,-1.0150359375,0.0009612610864653859,4.248349101959801,0.6899011175788619,0.09424489479650078,81,500
2.6315789473684212,0.140361328125,0.0014492235255745222,-1.008246875,0.0009575278078259278,4.085426869140625,0.6777243304759819,0.08559133328252,79,500
2.6447368421052633,0.139187890625,0.0014438124770592934,-0.9997546875,0.0009530500463557201,4.034801832154851,0.6647365775213621,0.06985675450081796,77,500
2.6578947368421053,0.13065546875,0.0013792435462213226,-0.98993125,0.0009556157034584635,3.663761858923267,0.6617197464993404,0.06748674874797733,75,500
2.6710526315789473,0.13120234375,0.001369137717195755,-0.98156796875,0.0009102077325532052,3.592484615775862,0.5944279797401211,0.06774191440904909,73,500
2.6842105263157894,0.12704140625,0.0013223750652388915,-0.97389453125,0.0009290962585850085,3.3348462915318646,0.6132977416798742,0.0665917102626794,71,500
2.6973684210526314,0.12527265625,0.0012990978104955022,-0.96558828125,0.0009425082513628963,3.202775710743902,0.624989725532669,0.07438539715379866,69,500
2.710526315789474,0.12200859375,0.001252314422206577,-0.956171875,0.0009254210884751054,2.9618034153033976,0.5966980535394409,0.08742238122767798,65,500
2.723684210526316,0.1204953125,0.001266717178027806,-0.94901015625,0.0009220581560859896,3.015682809613526,0.586659644255656,0.04481400424799176,60,500
2.736842105263158,0.1156953125,0.0012151234876234943,-0.94246796875,0.0008935735415201919,2.7616852596153842,0.5456877567860088,0.045873674144099486,56,500
2.75,0.11329296875,0.0012020321268323977,-0.93570078125,0.0008924191107130245,2.6895681306818187,0.5390827430578499,0.020213688959553222,51,500
2.763157894736842,0.111691015625,0.0011818330236458153,-0.92826875,0.0009021537007059493,2.5875552595863094,0.545673368250341,0.015883212457153073,47,500
2.776315789473684,0.107065625,0.0011173415555935224,-0.92110859375,0.000899646516733555,2.3018983023222757,0.537513248282613,0.040391066395548125,42,500
2.789473684210526,0.108219140625,0.0011358779226980347,-0.91419296875,0.000903580713038679,2.367686194165684,0.5371214059876794,0.05426275376905443,37,500
2.8026315789473686,0.103808984375,0.0010906449584647101,-0.90561015625,0.0008857962426626439,2.172620507573357,0.511350563221378,0.05155390616300737,34,500
2.8157894736842106,0.10266640625,0.0010852542871380329,-0.9006171875,0.0008888208316128652,2.141144277908879,0.5100481548388623,0.01406054897250364,33,500
2.8289473684210527,0.099694921875,0.0010590110589244947,-0.89237578125,0.0008748581715679342,2.029360563200582,0.48956308572394963,0.015905338908535294,32,500
2.8421052631578947,0.1007125,0.0010541930002441928,-0.887784375,0.0008723450446141553,2.0016271859259267,0.48225792415638585,0.05519903276512883,32,500
2.8552631578947367,0.098787109375,0.0010505825401458432,-0.880921875,0.0008905888900724474,1.9787790769729263,0.49801836301472535,0.007041008374626845,31,500
2.8684210526315788,0.098108984375,0.0010370520665221033,-0.87544296875,0.0008680118516097717,1.9192931555647939,0.46875790073878015,0.02118059239259862,31,500
2.8815789473684212,0.0973125,0.0010233237125690073,-0.86861484375,0.0008669825622647832,1.8602814109589048,0.4633858557225595,0.04373009446122311,30,500
2.8947368421052633,0.096022265625,0.0009972843002210104,-0.8614390625,0.0008675578452293874,1.7587818258778405,0.45979241132148224,0.04689033429188594,29,500
2.9078947368421053,0.092740625,0.0009920298917404323,-0.85574140625,0.000864808712924378,1.7324229523076926,0.452757698417126,0.015686936671476914,28,500
2.9210526315789473,0.09196640625,0.0009684468747598656,-0.849628125,0.0008599544251337023,1.6435969066328835,0.4436650316662778,0.0418547012315289,27,500
2.9342105263157894,0.090966015625,0.0009705915063456947,-0.84657578125,0.0008649667587417669,1.6434814084893496,0.4448354469768121,0.011850213039761304,26,500
2.9473684210526314,0.088997265625,0.00095371059797707,-0.83970546875,0.0008420110312025019,1.579726431665737,0.41778207613819246,0.01584489808691103,25,500
2.960526315789474,0.087083203125,0.00092373545409148,-0.83329609375,0.0008502181325287239,1.4753986880805554,0.4221880801736237,0.020977367732843977,24,500
2.973684210526316,0.08667734375,0.0009220855974523112,-0.82652421875,0.000845558536615228,1.463628048993363,0.4138860193121936,0.018979107350912905,23,500
2.986842105263158,0.0855546875,0.0009188483599648854,-0.82365234375,0.0008440838964872161,1.4469666365638763,0.40881779665336043,0.02357877517158713,22,500
3.0,0.0863,0.0008997279120030378,-0.81646484375,0.0008390154142939742,1.3812879591666665,0.4003874565972359,0.04630365111284607,20,500
